Time,Day
23:59:43.133575,Tuesday
23:59:43.133575,Tuesday
23:59:43.133575,Tuesday
23:59:43.133575,Tuesday
23:59:43.133575,Tuesday
23:59:43.133575,Tuesday
23:59:43.133575,Tuesday
23:59:43.133575,Tuesday
23:59:43.133575,Tuesday
23:59:43.133575,Tuesday
23:59:43.133575,Tuesday
23:59:43.133575,Tuesday
23:59:43.133575,Tuesday
